{
  "ComponentConfigData": [
    {
      "$type": "POConfig_PASystemAmplifier, Assembly-CSharp",
      "maxSpeakers": 20,
      "maxGates": 20
    }


  ],
  "DisplayCategories": [
    0,
	30,
    40
  ],
  "RequiredLevels": [],
  "requiredAdministrators": [],
  "Hidden": false,
  "CreatePrice": -72000.0,
  "HourlyPrice": -45.0,
  "HourlyPriceCategory": 2,
  "isDestroyable": true,
  "bWriteToMapCache": true,
  "MaxAllowed": -1,
  "requiresSecureArea": false,
  "requiresSectorRebuild": false,
  "PlacementSound": 0,
  "snapToGridSize": 1,
  "constructionType": 1,
  "constructionDuration": 2880.0,
  "Properties": [
    1,
    18
  ],
  "BlockedBy": [
    0,
    1,
    2
  ],
  "width": 5,
  "height": 1,
  "StaffRequired": 0,
  "Maintainable_MTBF": -1,
  "path": "NALStudio/More_PA_Amplifiers/PA_Amplifier_UHD",
  "rotateType": 1,
  "frontFacing": {
    "enabled": true,
    "sprites": [
      {
        "sortingOrder": -0.6,
        "localPosition": {
          "x": 0.0,
          "y": 0.0
        },
        "localRotation": 0.0,
        "relativeLevel": 0,
        "sprite": "UHD_Front"
      }
    ]
  },
  "backFacing": {
    "enabled": true,
    "sprites": [
      {
        "sortingOrder": -0.5,
        "localPosition": {
          "x": 0.0,
          "y": 0.0
        },
        "localRotation": 0.0,
        "relativeLevel": 0,
        "sprite": "UHD_Back"
      }
    ]
  },
  "leftFacing": {
    "enabled": true,
    "sprites": [
      {
        "sortingOrder": -4.0,
        "localPosition": {
          "x": 0.0,
          "y": 0.0
        },
        "localRotation": 0.0,
        "relativeLevel": 0,
        "sprite": "UHD_Left"
      }
    ]
  },
  "_i18nNameKey": "NALStudio.PA_Enhancements.PA_Amplifier_UHD.name",
  "_i18nDescKey": "NALStudio.PA_Enhancements.GenericDescription",
  "name": "PAAmplifierUHD"
}