{
  "ComponentConfigData": [
    {
  "$type": "POConfig_PASystemEmitter, Assembly-CSharp",
  "affects": 0,
  "intensity": 0.8,
  "distance": 18,
  "isExponential": false,
  "minAngle": 90.0,
  "maxAngle": 90.0,
  "dualDirection": true
	}


  ],
  "DisplayCategories": [
    0,
	30,
    40
  ],
  "RequiredLevels": [],
  "requiredAdministrators": [],
  "Hidden": false,
  "CreatePrice": -8300.0,
  "HourlyPrice": 0.0,
  "HourlyPriceCategory": 2,
  "isDestroyable": true,
  "bWriteToMapCache": true,
  "MaxAllowed": -1,
  "requiresSecureArea": false,
  "requiresSectorRebuild": false,
  "PlacementSound": 0,
  "snapToGridSize": 1,
  "constructionType": 1,
  "constructionDuration": 2160.0,
  "Properties": [
    18
  ],
  "BlockedBy": [
    0,
    1,
    2
  ],
  "width": 1,
  "height": 1,
  "StaffRequired": 0,
  "Maintainable_MTBF": -1,
  "path": "NALStudio/More_PA_Amplifiers/PA_Speaker_Ceiling_4W",
  "rotateType": 4,
  "frontFacing": {
    "enabled": true,
    "sprites": [
      {
        "sortingOrder": -0.0,
        "localPosition": {
          "x": 0.0,
          "y": 0.0
        },
        "localRotation": 0.0,
        "relativeLevel": 0,
        "sprite": "Ceiling_4W"
      }
    ]
  },
  "_i18nNameKey": "NALStudio.PA_Enhancements.PA_Speaker_Ceiling_4W.name",
  "_i18nDescKey": "NALStudio.PA_Enhancements.PA_Speaker_Ceiling_4W.description",
  "name": "PASpeakerCeiling4W"
}